product_name,true_category,barcode
Dell UltraSharp,Technology,BC824230874
stuhl,Furniture,BC971763327
executive chair,Furniture,BC663052341
Global szafa,Furniture,BC922172936
service agreement,Services,BC173512612
office sofa,Furniture,BC182894551
executive standing desk,Furniture,BC369183038
Lounge Seating LS-200,Furniture,BC481882460
OneDrive storage basic,Services,BC889546822
Global archivador,Furniture,BC358085454
стул Model Pro-918,Furniture,BC196201527
IKEA leather Desk Model D-100,Furniture,BC626061386
deks,Furniture,BC498786278
internet service,Services,BC902813840
schrank,Furniture,BC140519046
printer - Refurbished,Technology,BC805315791
compter,Technology,BC883749478
ASUS PB278Q wireless,Technology,BC158119446
all-in-one printer compact,Technology,BC991091361
broadband monthly,Services,BC414064734
stuhl,Furniture,BC444342661
gabinete,Furniture,BC141351917
secondary display certified,Technology,BC574460059
SSH client limited,Services,BC534722381
Anti virus,Services,BC982169157
biurko,Furniture,BC108809073
의자,Furniture,BC374811907
ITIL support,Services,BC958416162
Allsteel archivador,Furniture,BC699299989
QHD Display certified,Technology,BC946711815
schrank,Furniture,BC279701810
fiber internet,Services,BC899484915
HON table,Furniture,BC450932787
work desk,Furniture,BC364982130
WiFi printer,Technology,BC575625690
стол,Furniture,BC227117388
HP OfficeJet,Technology,BC718494872
소파 Model B-588,Furniture,BC165176331
Executive Table EX-200,Furniture,BC107057729
chiar,Furniture,BC888448988
cabnit Model A-402,Furniture,BC516032315
sofa,Furniture,BC959106271
ultrawide monitor,Technology,BC899283454
Herman Miller Chair Model C-300,Furniture,BC348215410
divan,Furniture,BC134077472
technical support,Services,BC122927426
iCloud storage,Services,BC683247918
szafa,Furniture,BC140127441
Used szafa,Furniture,BC594318319
Reception Sofa RS-100 Model A-541,Furniture,BC232654592
chrome book - Refurbished,Technology,BC481584364
HON table,Furniture,BC898302819
phone support monthly,Services,BC269702658
security software volume license,Services,BC406998453
Teknion divan,Furniture,BC137219006
monitr professional,Technology,BC768986243
software support,Services,BC674420474
compact bench,Furniture,BC142400500
SAP,Services,BC963589906
Kimball 캐비넷,Furniture,BC635413025
NOC service subscription,Services,BC252728624
Teknion chiar,Furniture,BC384528891
VPN client,Services,BC823310328
Kimball storage unit,Furniture,BC124425601
plastic soffa,Furniture,BC382372922
mesh skrivbord,Furniture,BC875936087
canapé,Furniture,BC142683817
bildschirm,Technology,BC147143794
Aeron chair,Furniture,BC512410679
ERP system,Services,BC492203150
PRI line business,Services,BC391286241
fax machine gaming,Technology,BC985116006
bureau,Furniture,BC438395096
bureau,Furniture,BC508423654
SSH client,Services,BC267494290
white counch,Furniture,BC513746107
NOC service,Services,BC255270986
metal Steelcase storage Model A-378,Furniture,BC300388921
biurko - Refurbished,Furniture,BC921584159
ink jet gaming,Technology,BC422544802
B&W printer wireless Gen 2,Technology,BC294995530
glass divan,Furniture,BC158569033
Knoll office sofa,Furniture,BC719080517
cell phone plan business,Services,BC742827694
خدمة الإنترنت,Services,BC840580333
ink jet,Technology,BC305746804
business internet monthly,Services,BC226222619
4k monitor Plus,Technology,BC191597206
printer Plus,Technology,BC447549695
medium loveseat,Furniture,BC924790131
fabric conference chair,Furniture,BC186138889
divan,Furniture,BC247382533
Adobe Creative Suite basic subscription,Services,BC353366389
Allsteel Workstation WS-Pro,Furniture,BC303770248
Herman Miller large HON table,Furniture,BC191352864
Brother MFC certified,Technology,BC523216102
Office Software per device package,Services,BC248294102
Adobe Creative Suite,Services,BC475505122
HP OfficeJet backlit Plus,Technology,BC446389157
NOC service premium,Services,BC459048149
MSP service limited,Services,BC586155117
standing desk,Furniture,BC301864129
skrivbord,Furniture,BC400855850
キャビネット Model Pro-175,Furniture,BC854677179
surface pro backlit v3,Technology,BC389046078
Box subscription,Services,BC405669440
TAASK CHAIR,Furniture,BC267618731
curved monitor,Technology,BC607692567
chaise,Furniture,BC200889109
HON compact escritorio,Furniture,BC338462628
소프트웨어 professional package,Services,BC113107987
support contract professional,Services,BC155094221
Kimball Lounge Seating LS-200,Furniture,BC867658814
wardrobe Model B-795,Furniture,BC214949614
шкаф,Furniture,BC862022549
soporte técnico,Services,BC838066391
data plan,Services,BC363841612
Ricoh Aficio energy efficient,Technology,BC425717549
Steelcase small шкаф,Furniture,BC797468922
glass locker - Refurbished,Furniture,BC815120513
SOC service,Services,BC580499237
backup software volume license,Services,BC144219109
setee,Furniture,BC689269569
Teknion HON table,Furniture,BC416130770
brown wardrobe Model A-959,Furniture,BC265268660
abonnement internet,Services,BC887334437
HP EliteDesk gaming,Technology,BC880725278
Steelcase Executive Seat EX-400,Furniture,BC203354415
HON mesh wardrobe,Furniture,BC115810687
curved monitor backlit,Technology,BC937332060
HON filing cabinet,Furniture,BC540024260
компьютер 2024,Technology,BC928096889
SOFÁ,Furniture,BC921879587
help desk standard agreement,Services,BC804105516
krzesło,Furniture,BC618645569
ERP system,Services,BC215310912
biurko,Furniture,BC271690961
armario,Furniture,BC708857885
キャビネット,Furniture,BC448443704
stol,Furniture,BC275864280
standing desk,Furniture,BC915571513
Office 365 Business annual,Services,BC467126134
writing desk,Furniture,BC692134048
IKEA professional Herman Miller desk,Furniture,BC551232519
RECEPTION SOFA,Furniture,BC665646221
cadeira,Furniture,BC553376084
VoIP service,Services,BC616386600
4k monitor,Technology,BC668031793
SLA agreement unlimited,Services,BC745551372
Adoby Creative limited bundle,Services,BC303850254
Kimball office chair,Furniture,BC148186901
ITSM service,Services,BC303431575
managed services,Services,BC664596387
archivador,Furniture,BC842725930
Aeron chair,Furniture,BC995990847
HP ProBook,Technology,BC221517071
standard デスク,Furniture,BC800346424
armoire,Furniture,BC376681108
AIO printer,Technology,BC120485196
wooden IKEA desk,Furniture,BC239989275
schrank,Furniture,BC460957835
unlimited plan,Services,BC192142552
office chair,Furniture,BC275309282
sofá Model Pro-621,Furniture,BC951374399
Global шкаф,Furniture,BC299215925
Herman Miller desk,Furniture,BC264494545
API subscription enterprise,Services,BC740337419
support contract professional,Services,BC657793068
note book certified,Technology,BC934052476
デスク,Furniture,BC889382867
counch,Furniture,BC918226618
small soffa,Furniture,BC901127771
WOODEN WORKSTATON,Furniture,BC897218787
divan,Furniture,BC913610452
business internet unlimited,Services,BC980612131
char,Furniture,BC894119729
стул,Furniture,BC699169292
SECURITY SUPPORT,Services,BC641949014
armoire,Furniture,BC980598636
Salesforce Enterprise,Services,BC100772905
database support,Services,BC282879331
tech device,Technology,BC583249931
Windows license site license,Services,BC194511472
IKEA desk - Refurbished,Furniture,BC812458132
sectional,Furniture,BC276087243
loveseat,Furniture,BC860674986
1TB SSD Laptop,Technology,BC594817420
server maintenance,Services,BC838586956
4k monitor,Technology,BC234259822
монитор,Technology,BC881938614
ソフトウェア enterprise,Services,BC478305093
Oracle per user,Services,BC897711678
HP ZBook v2,Technology,BC498784578
Used Office 365 Business annual,Services,BC467126134
abonnement internet,Services,BC301637382
32-inch Screen gaming,Technology,BC176100340
Kimball escritorio,Furniture,BC204281005
Salesforce annual,Services,BC806832877
desk chair,Furniture,BC664994379
phone support,Services,BC484360237
armario,Furniture,BC690520920
SOFTWARE SUPPORT,Services,BC588920837
workstation,Furniture,BC241273318
soffa,Furniture,BC713763535
Desk Model D-100,Furniture,BC447302779
API subscription,Services,BC974947794
lounge chair,Furniture,BC702549133
Office 365 E3,Services,BC986594254
skrivbord Model X-438,Furniture,BC119744516
Herman Miller fabric sedia,Furniture,BC708491359
sofá,Furniture,BC821283444
service agreement - Refurbished,Services,BC936560721
диван,Furniture,BC778812730
desk,Furniture,BC350175561
reception sofa,Furniture,BC665646221
ERP system annual,Services,BC349978373
network support,Services,BC817539340
sofá,Furniture,BC921879587
lounge chair,Furniture,BC509715619
sofa,Furniture,BC126749178
taask chair,Furniture,BC509682018
black counch,Furniture,BC591759000
Office 365 subscription,Services,BC332866519
Workstation WS-Pro,Furniture,BC746716453
security support basic,Services,BC670866707
Kimball reception sofa,Furniture,BC924913247
소프트웨어,Services,BC466990085
plastic cadeira,Furniture,BC937649523
servicio de internet,Services,BC814298538
Herman Miller Chair Model C-300,Furniture,BC531168733
ITSM service,Services,BC496284441
стол Model Pro-901,Furniture,BC385417366
CDN SERVICE,Services,BC744154611
OneDrive storage annual agreement,Services,BC879394493
office sofa,Furniture,BC440096507
premium seet,Furniture,BC264013159
divan,Furniture,BC659568869
seet,Furniture,BC244816382
phone support,Services,BC779937154
mesh cabnet,Furniture,BC548108259
Anti-virus per device,Services,BC988651295
business computer,Technology,BC283486349
hardware maintenance,Services,BC317228954
Adobe CC All Apps standard,Services,BC493369637
Ofice 365,Services,BC198682372
mini PC Gen 3,Technology,BC873309842
standing desk,Furniture,BC487541399
SaaS subscription volume license,Services,BC733830783
gray schreibtisch Model X-327,Furniture,BC634323575
컴퓨터,Technology,BC602935000
16GB RAM Computer,Technology,BC164542674
deluxe height adjustable desk,Furniture,BC713119661
Teknion armoire,Furniture,BC427413432
Reception Sofa RS-100,Furniture,BC840447097
ergonomic chair,Furniture,BC324130818
service agreement,Services,BC128008008
metal computer desk,Furniture,BC779580831
1080p Monitor quiet,Technology,BC786031600
office sofa,Furniture,BC538719265
chaise Model X-195,Furniture,BC750637748
인터넷 서비스 license,Services,BC219483835
support contract basic,Services,BC501387022
storage cabinet,Furniture,BC543352165
workstation Model Pro-997,Furniture,BC836527450
tavolo Model B-891,Furniture,BC678700154
Aeron chair,Furniture,BC546626348
work table,Furniture,BC424620301
copyer,Technology,BC663961987
glass seat Model Pro-310,Furniture,BC699602642
HP ProBook,Technology,BC324422284
Allsteel bureau,Furniture,BC930888412
executive chair,Furniture,BC333203933
armchair,Furniture,BC404957218
SQL Server,Services,BC293028062
Windows 10 Pro limited contract,Services,BC634239338
Azure subscription,Services,BC435418436
B&W printer,Technology,BC241246317
Internet-Service volume license,Services,BC173955669
iCloud storage,Services,BC506994931
bookcase Model Pro-320,Furniture,BC494152254
IKEA Lounge Seating LS-200,Furniture,BC364404457
SIP trunk monthly,Services,BC333471497
fabric conference chair,Furniture,BC158559749
mobile plan unlimited,Services,BC106174601
small executive chair,Furniture,BC979447956
Azure subscription,Services,BC350707551
의자 Model X-817,Furniture,BC438126323
Steelcase desk Model A-702,Furniture,BC635148365
dedicated line per user,Services,BC113545781
security support volume license service,Services,BC246698943
remote support premium agreement,Services,BC391317298
Adobe CC All Apps,Services,BC404007541
executive chair,Furniture,BC416447391
inkjet printer certified,Technology,BC297543237
Global deluxe шкаф,Furniture,BC850282713
ordenador,Technology,BC806019487
Lounge Seating LS-200 Model C-221,Furniture,BC454601784
Internet-Service,Services,BC521359675
iCloud storage,Services,BC986108130
compter quiet,Technology,BC386156035
skrivbord,Furniture,BC566531276
cabnit,Furniture,BC711028819
scren,Technology,BC281736451
ITSM service unlimited,Services,BC444390192
office desk,Furniture,BC662906773
طابعة backlit,Technology,BC197110078
QHD Display 2022,Technology,BC348053691
ergonomic chair,Furniture,BC793627337
service agreement site license service,Services,BC780631093
IT support license,Services,BC135981405
DSL,Services,BC867384519
MS Office,Services,BC889556480
Teknion Chair Model C-300,Furniture,BC185336088
szafa,Furniture,BC594318319
photo printer,Technology,BC506603082
モニター,Technology,BC789075603
security software,Services,BC661782298
HP EliteDesk Max,Technology,BC623836867
كرسي,Furniture,BC979947812
desktop computer gaming,Technology,BC950899166
schrank,Furniture,BC260610323
filing cabinet Model C-547,Furniture,BC774992147
ultra wide,Technology,BC913656416
خزانة,Furniture,BC270307732
bench,Furniture,BC847889838
IaaS platform standard,Services,BC516065124
small HON table,Furniture,BC107053228
lounge chair,Furniture,BC557913296
divan Model Pro-600,Furniture,BC194269176
cupboard,Furniture,BC336859315
HON workstation,Furniture,BC142146105
iCloud storage volume license,Services,BC877817678
business hours support bundle,Services,BC515026155
Knoll basic char,Furniture,BC160170716
display,Technology,BC285652633
divan,Furniture,BC312717408
イス,Furniture,BC865007974
leather стол,Furniture,BC765434962
Global char Model A-429,Furniture,BC928416590
professional lounge chair,Furniture,BC683708118
Steelcase storage unit,Furniture,BC918671750
fiber internet,Services,BC176927143
bench,Furniture,BC688574163
phone support annual contract,Services,BC382769127
software support,Services,BC582537877
soffa Model X-132,Furniture,BC424100009
computer,Technology,BC637577213
Color laser Max,Technology,BC949830412
MSP SERVICE,Services,BC123762858
Windows 10 Pro,Services,BC160046549
deks,Furniture,BC725084928
widescreen,Technology,BC700539700
NOC service site license,Services,BC131638762
Adoby Creative,Services,BC112277573
basic shelf,Furniture,BC396222040
bureau,Furniture,BC989516564
external monitor,Technology,BC839170893
security software site license,Services,BC211779101
SQL Server limited,Services,BC882206689
all-in-one,Technology,BC266457342
برمجيات,Services,BC208689641
office chair,Furniture,BC947384695
notebook new,Technology,BC626072176
cloud storage,Services,BC571967377
モニター,Technology,BC661852456
Used IKEA brown sofa,Furniture,BC120100290
Aeron chair,Furniture,BC698439590
ANTI-VIRUS BASIC SUBSCRIPTION,Services,BC712062546
USB printer,Technology,BC116121432
small file cabinet,Furniture,BC337079167
SOC service per device,Services,BC574819483
Dropbox Business,Services,BC374294163
stol,Furniture,BC982292061
i-Mac enterprise v3,Technology,BC294020880
BI tool license,Services,BC636784164
Herman Miller standard desk chair,Furniture,BC681544961
phone support,Services,BC527915151
Herman Miller workstaton Model C-919,Furniture,BC485753927
Color laser,Technology,BC473302105
Photoshop,Services,BC591285126
MSP service,Services,BC905917946
Brother MFC backlit 2020,Technology,BC361015184
ソファ,Furniture,BC185852967
cloud storage,Services,BC624282788
cabnit,Furniture,BC908356009
Global large chiar,Furniture,BC561779564
setee,Furniture,BC737594123
32-inch Screen business grade 2021,Technology,BC628276702
sofa,Furniture,BC849223390
business computer,Technology,BC815858075
IKEA stuhl Model C-908,Furniture,BC408899514
インターネットサービス premium,Services,BC982644252
white canapé,Furniture,BC563787397
IT support volume license,Services,BC646041020
Allsteel cadeira Model B-233,Furniture,BC713579662
ITSM service unlimited subscription,Services,BC217377475
الدعم التقني,Services,BC543502646
wooden archivador,Furniture,BC523861817
standard Reception Sofa RS-100,Furniture,BC349304100
Lenovo ThinkCentre professional,Technology,BC753278884
personal computer certified,Technology,BC984379899
maintenance contract,Services,BC900592344
Network printer 2020,Technology,BC258567048
deluxe Desk Model D-100,Furniture,BC330664237
Microsoft Office professional,Services,BC707191953
デスク - Refurbished,Furniture,BC889382867
Office Software premium,Services,BC297713683
IT support,Services,BC481734198
طابعة used v2,Technology,BC231148450
Aeron chair,Furniture,BC695861587
shelving unit,Furniture,BC521854587
диван,Furniture,BC468584828
1440p Screen backlit,Technology,BC966997739
Steelcase krzesło,Furniture,BC368520783
armoire - Refurbished,Furniture,BC220658235
white reception sofa,Furniture,BC349832483
ofice chair,Furniture,BC641909751
business internet,Services,BC316980704
Box subscription basic,Services,BC256253951
Kimball conference chair,Furniture,BC103793417
silla,Furniture,BC943666157
bench,Furniture,BC152705290
PRI line,Services,BC487005172
Software de oficina package,Services,BC627642633
SAP monthly,Services,BC344198929
Adobe CC All Apps site license,Services,BC331820924
label printer used,Technology,BC727813474
イス - Refurbished,Furniture,BC865007974
armchair,Furniture,BC768469061
workstation Model B-142,Furniture,BC585007134
Internet-Service premium,Services,BC221256011
seat,Furniture,BC152526165
mesh стул,Furniture,BC682219061
ソフトウェア enterprise,Services,BC198141669
deluxe sofá,Furniture,BC388645449
ASUS PB278Q portable,Technology,BC119727026
인터넷 서비스,Services,BC840076530
hardware maintenance,Services,BC292069408
Software de oficina,Services,BC897110135
Salesforce volume license,Services,BC375139723
leather chair,Furniture,BC362758762
HON work table,Furniture,BC771230728
1440p Screen enterprise,Technology,BC889917232
ordenador quiet,Technology,BC116178827
Knoll compact mesa de trabajo,Furniture,BC792107026
IKEA Steelcase storage,Furniture,BC518462171
캐비넷,Furniture,BC571678892
professional char,Furniture,BC524470332
computadora v3,Technology,BC317810361
mesh chair,Furniture,BC656952733
unlimited plan,Services,BC597877404
イス Model X-967,Furniture,BC245226262
HP EliteDesk,Technology,BC849332765
IKEA brown sofa,Furniture,BC120100290
Global bench,Furniture,BC228472771
ultra wide 2020,Technology,BC987995334
server maintenance,Services,BC643267978
Haworth steel reception sofa,Furniture,BC272167429
4k monitor backlit,Technology,BC886411102
Dropbox Business,Services,BC837148793
ordenador USB-C,Technology,BC155928537
cell phone plan business - Refurbished,Services,BC171013341
loveseat,Furniture,BC316822839
Steelcase Leap,Furniture,BC659116527
Steelcase storage,Furniture,BC201240032
armoire,Furniture,BC792183346
Knoll armoire,Furniture,BC852126726
service agreement,Services,BC936560721
Office 365 subscription,Services,BC927850618
help desk enterprise,Services,BC763534625
soffa Model B-527,Furniture,BC867935795
ERP system,Services,BC510692249
Anti virus service,Services,BC880695706
photo printer certified 2023,Technology,BC749304307
ASUS PB278Q,Technology,BC473587211
3D printer,Technology,BC662444547
Samsung Monitor 2021,Technology,BC422447282
executive chair,Furniture,BC796275440
armchair Model A-687,Furniture,BC447260600
4K monitor business grade,Technology,BC152947385
Used Allsteel brown setee,Furniture,BC120825650
locker,Furniture,BC702033662
erp system,Services,BC510692249
HON Herman Miller Sayl,Furniture,BC298470427
canapé,Furniture,BC367107264
basic leather chair,Furniture,BC299648970
Teknion premium drawer Model Pro-598,Furniture,BC358473878
برمجيات,Services,BC515965279
AutoCAD 2024 business,Services,BC398621490
inkjet printer 2021,Technology,BC477863798
écran used 2024,Technology,BC322949179
lap top,Technology,BC218609961
filing cabinet,Furniture,BC827991473
service agreement bundle,Services,BC393986392
escritorio,Furniture,BC662431852
hardware maintenance,Services,BC448635435
lap top business grade,Technology,BC526372748
filing cabnet,Furniture,BC473992719
chaise,Furniture,BC675904997
armario,Furniture,BC758435897
service agreement,Services,BC610791858
krzesło,Furniture,BC310560020
divan,Furniture,BC377731914
Office 365 Business,Services,BC766796289
fabric computer desk Model A-792,Furniture,BC673271266
소프트웨어 business,Services,BC932850970
cloud storage enterprise,Services,BC196848277
ISP service contract,Services,BC188632141
Global wooden キャビネット Model B-144,Furniture,BC291811951
standard table,Furniture,BC626036464
MS Office per device,Services,BC293699305
deask,Furniture,BC854357762
HON filing cabinet,Furniture,BC430779274
3D printer backlit,Technology,BC206035856
CDN service,Services,BC744154611
Dell P2419H,Technology,BC313540619
server maintenance,Services,BC251770634
desk chair,Furniture,BC360971128
compact divano,Furniture,BC206948671
Used ソフトウェア monthly,Services,BC386541544
Knoll cupboard,Furniture,BC789615654
armoire,Furniture,BC585764529
wooden tavolo Model A-981,Furniture,BC771336642
emergency support,Services,BC241489248
IKEA table,Furniture,BC542750235
SQL Server,Services,BC982551268
bildschirm bluetooth,Technology,BC848328041
USB printer Max,Technology,BC925875822
dedicated line,Services,BC578476787
ソファ,Furniture,BC456349916
storage cabinet Model C-687,Furniture,BC517817593
brown mesh chair,Furniture,BC648973579
deluxe skrivbord,Furniture,BC306364903
Teknion plastic canapé,Furniture,BC765468716
steel HON table Model A-872,Furniture,BC757207875
인터넷 서비스 plan,Services,BC595367749
surface pro,Technology,BC741138124
HON bookcase,Furniture,BC185050803
standard диван,Furniture,BC100210054
lounge chair Model Pro-858,Furniture,BC572944000
HON wardrobe,Furniture,BC768676781
Herman Miller Herman Miller Sayl,Furniture,BC463377959
Saleforce,Services,BC694491286
PRI line,Services,BC592463803
taask chair,Furniture,BC267618731
gabinete,Furniture,BC360183853
char,Furniture,BC864555170
Used deluxe skrivbord,Furniture,BC306364903
data plan,Services,BC733846414
soffa,Furniture,BC670758903
divan,Furniture,BC265497448
shelf,Furniture,BC307360430
VPN service per device,Services,BC654705830
internet service contract,Services,BC268583107
locker,Furniture,BC426315031
maintenance contract,Services,BC319646891
Desk Model D-100 Model B-658,Furniture,BC670304472
storage unit,Furniture,BC235106204
Teknion bench,Furniture,BC513173592
bench,Furniture,BC381919481
professional krzesło,Furniture,BC391912946
technical support,Services,BC558568278
AutoCAD 2024,Services,BC453566796
managed services,Services,BC859435175
business internet,Services,BC544572227
filing cabnet,Furniture,BC771437657
professional デスク,Furniture,BC368281808
طابعة compact v3,Technology,BC114746008
drukarka USB-C,Technology,BC544055921
divan Model B-954,Furniture,BC700248296
의자,Furniture,BC575672443
lazer printer,Technology,BC989328868
Haworth armoire,Furniture,BC605936741
Cabinet ST-500 Model X-180,Furniture,BC434552915
office sofa,Furniture,BC884005207
premium tabel,Furniture,BC806437569
Ofice 365 enterprise,Services,BC152930584
SSL certificate,Services,BC970884334
Oracle,Services,BC841688682
basic workstaton,Furniture,BC949785821
metal стул,Furniture,BC838886075
ASUS PB278Q 2021,Technology,BC835898867
cadeira,Furniture,BC618116050
Knoll chaise,Furniture,BC964926282
gray writing desk,Furniture,BC239344057
schrank,Furniture,BC887759003
label printer used,Technology,BC442863523
support technique,Services,BC304536802
laser printer Plus,Technology,BC446886458
Office 365 E3,Services,BC840831347
Windows license,Services,BC241936908
standard mesh chair,Furniture,BC844956951
task chair,Furniture,BC809069927
SD-WAN service,Services,BC371992483
brown bench,Furniture,BC435124877
file cabinet,Furniture,BC927200028
طابعة dual-band - Refurbished,Technology,BC846326954
Herman Miller stoarge cabinet Model B-277,Furniture,BC570746273
armoire,Furniture,BC681274244
SQL Server,Services,BC587197988
Executive Table EX-200,Furniture,BC575680693
remote support professional,Services,BC171596938
Allsteel brown setee,Furniture,BC120825650
キャビネット,Furniture,BC785717617
work table Model C-170,Furniture,BC484579421
HON table,Furniture,BC365388382
HON filing cabinet,Furniture,BC447313528
business internet,Services,BC172814771
computer desk,Furniture,BC728619698
LED monitor,Technology,BC445770698
compact loveseat,Furniture,BC876938677
Knoll canapé,Furniture,BC639366915
HP ZBook,Technology,BC960088617
стул,Furniture,BC292090149
SD-WAN service,Services,BC508673666
デスク,Furniture,BC952818991
Canon PIXMA,Technology,BC109588354
sectional,Furniture,BC659340310
divano,Furniture,BC944948773
Chair Model C-300,Furniture,BC793746209
MSP service,Services,BC123762858
managed services business package,Services,BC592547487
stoarge cabinet,Furniture,BC259188853
writting desk,Furniture,BC952970198
Teknion sofá,Furniture,BC566330798
ergonomic chair Model B-810,Furniture,BC405460403
диван,Furniture,BC880474837
data plan,Services,BC143650990
écran,Technology,BC967126986
Saleforce monthly,Services,BC588212379
dual monitor,Technology,BC584912105
computer desk,Furniture,BC847446866
Global HON table,Furniture,BC338249032
all-in-one printer 2024,Technology,BC713461653
Knoll height adjustable desk,Furniture,BC515721250
Haworth chaise Model X-638,Furniture,BC763281908
metal storage cabinet,Furniture,BC853045356
PC,Technology,BC874171682
char Model Pro-573,Furniture,BC936156197
Dell P2419H,Technology,BC582291740
compact stoarge cabinet Model X-620,Furniture,BC261157630
printer USB-C 2023,Technology,BC489707503
Core i5 Laptop,Technology,BC610318004
gray divan,Furniture,BC599247875
computadora,Technology,BC769983207
IKEA desk,Furniture,BC812458132
bookcase,Furniture,BC804623475
MPLS connection,Services,BC761662253
counch,Furniture,BC608789262
counch,Furniture,BC958949509
copier v3,Technology,BC616716343
Microsft Office volume license,Services,BC175578677
metal height adjustable desk,Furniture,BC922200725
ultra wide,Technology,BC611747739
chaise Model X-195 - Refurbished,Furniture,BC750637748
Dell P2419H 2020,Technology,BC887255513
abonnement internet,Services,BC831693114
steel krzesło,Furniture,BC637569722
lazer printer,Technology,BC894582888
Knoll cabnet,Furniture,BC623817304
Allsteel sofa,Furniture,BC993436624
Back-up software professional license,Services,BC933454210
brown workstaton,Furniture,BC584135007
desktop,Technology,BC347939168
AV software,Services,BC926834891
Teknion desk,Furniture,BC715145139
steel sofa Model A-576,Furniture,BC900275928
filing cabinet,Furniture,BC690645339
label printer,Technology,BC444288576
monitor,Technology,BC732286107
couch,Furniture,BC266421332
database support,Services,BC247653166
SAP professional,Services,BC164183056
silla Model B-277,Furniture,BC920916739
deluxe office sofa,Furniture,BC258927104
broadband plan,Services,BC153292024
ソフトウェア,Services,BC307194917
all-in-one certified,Technology,BC865185345
AutoCAD basic,Services,BC610945043
طابعة,Technology,BC839305702
Global chaise,Furniture,BC255856197
bildschirm portable,Technology,BC934746883
storage unit,Furniture,BC517254802
برمجيات,Services,BC757110239
Xerox WorkCentre,Technology,BC510391769
laser printer USB-C 2023,Technology,BC417476097
server maintenance per user,Services,BC671170800
bench,Furniture,BC675696756
ISP service per user agreement,Services,BC712555926
sectional - Refurbished,Furniture,BC659340310
기술 지원 professional,Services,BC462401682
bench,Furniture,BC494184264
software support,Services,BC588920837
طابعة,Technology,BC123073060
Used professional キャビネット,Furniture,BC504378331
프린터,Technology,BC499130788
шкаф,Furniture,BC977399222
Used Steelcase Executive Seat EX-400,Furniture,BC203354415
ISP service per user,Services,BC638214657
large skrivbord Model A-867,Furniture,BC871348981
pantalla USB-C,Technology,BC541578219
1080p Monitor used,Technology,BC347940275
ergonomic chair,Furniture,BC505626309
IT support monthly,Services,BC222583664
shelving unit,Furniture,BC949401282
Office Software,Services,BC717675194
SUPPORT CONTRACT PROFESSIONAL,Services,BC155094221
24/7 support,Services,BC686700164
ソファ,Furniture,BC314410364
soporte técnico,Services,BC196078316
4K Display,Technology,BC472352086
HON cabinet,Furniture,BC269327426
VoIP service,Services,BC883713061
Dell Latitude touchscreen,Technology,BC442188032
printr,Technology,BC941250135
27-inch All-in-One 2023,Technology,BC627685695
Ricoh Aficio,Technology,BC131657501
professional Steelcase storage,Furniture,BC820844854
glass locker,Furniture,BC815120513
Adobe CC,Services,BC979843968
lazer printer,Technology,BC597764108
Reception Sofa RS-100,Furniture,BC892012381
komputer,Technology,BC266123743
office desk,Furniture,BC712750316
work desk,Furniture,BC920917342
armoire,Furniture,BC220658235
Used white reception sofa,Furniture,BC349832483
24/7 support site license,Services,BC668455421
workstation,Technology,BC775559969
テクニカルサポート,Services,BC402918178
on-site support plan,Services,BC723926702
display,Technology,BC245047170
armoire Model X-144 - Refurbished,Furniture,BC197915848
scanner new,Technology,BC626232278
escritorio,Furniture,BC438718269
all-in-one enterprise,Technology,BC368523822
drucker touchscreen v2,Technology,BC808101187
copier,Technology,BC506258874
Ricoh Aficio dual-band,Technology,BC527392079
black cabnet Model C-689,Furniture,BC783858343
file cabinet Model Pro-619,Furniture,BC718724891
стул,Furniture,BC797299908
Knoll office sofa,Furniture,BC833606377
gabinete,Furniture,BC602574675
bureau,Furniture,BC447972640
Aeron chair,Furniture,BC961995665
professional キャビネット,Furniture,BC504378331
ultra wide,Technology,BC892786126
Teknion glass executive desk Model C-718,Furniture,BC698663298
كرسي,Furniture,BC788165352
Haworth fabric table Model Pro-544,Furniture,BC686718533
RDP software basic,Services,BC114051099
setee,Furniture,BC982978122
ERP system premium,Services,BC145090037
task chair,Furniture,BC659042709
compact height adjustable desk,Furniture,BC108948759
ソファ,Furniture,BC410075739
LG UltraWide,Technology,BC835231799
Knoll sit-stand desk,Furniture,BC590593090
basic Steelcase desk,Furniture,BC679745130
Kimball professional canapé,Furniture,BC771651925
lap top v3,Technology,BC947336680
sectional,Furniture,BC524995927
VPN service annual,Services,BC750262890
인터넷 서비스 PLAN,Services,BC595367749
шкаф,Furniture,BC145543743
seet,Furniture,BC550522411
HP EliteDesk,Technology,BC620402022
widescreen 2022,Technology,BC922790554
HON filing cabnet,Furniture,BC184264458
armario,Furniture,BC183682466
filing cabinet,Furniture,BC912497781
DSL,Services,BC690106975
armoire Model X-144,Furniture,BC197915848
iCloud storage unlimited,Services,BC327499388
servicio de internet,Services,BC396460161
Knoll file cabinet,Furniture,BC441017812
Herman Miller desk - Refurbished,Furniture,BC672263097
インターネットサービス,Services,BC244667571
SOC service business,Services,BC318830034
security support,Services,BC134163406
cloud backup per device,Services,BC336999287
SLA agreement enterprise,Services,BC245284437
Photoshop limited,Services,BC739695468
curved monitor,Technology,BC899641923
dedicated line per device subscription,Services,BC699524216
برمجيات,Services,BC569762050
reception sofa,Furniture,BC529280096
on-site support,Services,BC168012695
photo printer wireless,Technology,BC396306713
Haworth computer desk Model A-419,Furniture,BC435971123
phone support package,Services,BC448854016
gabinete,Furniture,BC629855936
secondary display,Technology,BC559084418
i-Mac,Technology,BC925310631
mesh armoire,Furniture,BC420848110
swivel chair,Furniture,BC156999852
gabinete,Furniture,BC655778818
диван,Furniture,BC788691372
large workspace Model C-889,Furniture,BC144910623
Global armoire,Furniture,BC857134424
Steelcase premium Steelcase desk Model A-791,Furniture,BC540396677
OneDrive storage,Services,BC695411648
internet service business,Services,BC171508836
wardrobe,Furniture,BC185260383
counch,Furniture,BC389758574
deks,Furniture,BC412651461
ITSM service,Services,BC687703577
SLA agreement,Services,BC725996789
chrome book used,Technology,BC587135978
SLA agreement,Services,BC290136266
BI tool standard subscription,Services,BC329703585
drukarka Gen 2 - Refurbished,Technology,BC411152157
стул,Furniture,BC134606221
Dropbox Business per device,Services,BC944356532
work table,Furniture,BC807478862
support technique agreement,Services,BC655091932
16GB RAM Computer v2,Technology,BC888412068
desk,Furniture,BC154245232
Haworth small デスク,Furniture,BC323818407
Executive Seat EX-400,Furniture,BC771939435
Global glass cabnit,Furniture,BC933135507
IT support basic license,Services,BC690929397
LCD monitor,Technology,BC677678962
Apple iMac 2024,Technology,BC365635280
height adjustable desk,Furniture,BC448594692
Adoby Creative enterprise,Services,BC300164147
Dropbox Business,Services,BC196829676
Windows 10 Pro,Services,BC785075265
Used DSL premium,Services,BC230955221
Steelcase divano,Furniture,BC856035092
HON swivel chair,Furniture,BC522409833
bench Model Pro-337,Furniture,BC762427117
인터넷 서비스 standard,Services,BC215847550
filing cabinet,Furniture,BC123301671
cabinet,Furniture,BC371775842
キャビネット,Furniture,BC757611451
database support unlimited,Services,BC279110141
SIP trunk,Services,BC758245879
monitor v3,Technology,BC440908961
plastic sofa Model X-348,Furniture,BC146688450
plastic office desk Model B-385,Furniture,BC315495749
canapé Model B-565,Furniture,BC997969776
managed services enterprise,Services,BC920536715
Anti-virus basic,Services,BC704672023
Adobe Creative Suite monthly bundle,Services,BC582522615
4K MONITOR BACKLIT,Technology,BC886411102
cadeira,Furniture,BC553615317
krzesło,Furniture,BC229429404
Haworth swivel chair,Furniture,BC213294985
ASUS PB278Q certified,Technology,BC196725836
HON イス,Furniture,BC803040905
table,Furniture,BC317790892
стул,Furniture,BC501535849
LG UltraWide Gen 2,Technology,BC159124453
Lenovo ThinkPad,Technology,BC752817769
طابعة dual-band,Technology,BC846326954
workstaton,Furniture,BC432342748
managed services,Services,BC777153720
Ofice 365,Services,BC811871111
MS Office,Services,BC796403636
ergonomic chair,Furniture,BC554773258
database support business,Services,BC834773724
RDP software,Services,BC978505410
Kyocera ECOSYS dual-band,Technology,BC864524716
HP ProBook,Technology,BC176648733
Office 365,Services,BC765931799
compter,Technology,BC342217581
принтер portable Plus,Technology,BC459910894
SIP trunk enterprise,Services,BC927636977
IT support,Services,BC638828465
Lounge Seating LS-200,Furniture,BC218494225
4k monitor v3,Technology,BC761421566
steel szafa,Furniture,BC164480705
deluxe skrivbord,Furniture,BC508774805
Chromebook,Technology,BC683579921
stol,Furniture,BC780830076
computadora backlit,Technology,BC863934819
Used Anti virus per user,Services,BC878647434
executive desk,Furniture,BC431784498
DSL premium,Services,BC230955221
iCloud storage,Services,BC803740977
premium cabnit,Furniture,BC490922764
ITSM service service,Services,BC706496928
biurko,Furniture,BC921584159
bureau Model A-798,Furniture,BC256571398
notebook,Technology,BC166582406
schreibtisch Model B-336,Furniture,BC967949720
Back-up software,Services,BC220828027
height adjustable desk,Furniture,BC524784283
shelf,Furniture,BC274079423
SD-WAN service per device,Services,BC848438614
Adobe CC All Apps,Services,BC486556226
SSH client,Services,BC603330974
Lounge Seating LS-200 Model X-640,Furniture,BC427012523
Kimball loveseat,Furniture,BC879872949
ITIL support,Services,BC263162642
cabnet,Furniture,BC955220572
notebook,Technology,BC992654825
MFP,Technology,BC891474266
white armchair,Furniture,BC301792175
premium sectional Model Pro-594,Furniture,BC517304549
1TB SSD Laptop touchscreen 2020,Technology,BC921837488
iCloud storage service,Services,BC905687707
label printer,Technology,BC561778017
HP OfficeJet,Technology,BC385891368
Global bookcase,Furniture,BC800587168
leather Aeron chair,Furniture,BC744354734
chrome book,Technology,BC481584364
cloud backup,Services,BC367321301
support contract package,Services,BC307511166
on-site support,Services,BC723876967
server maintenance,Services,BC769136744
stuhl,Furniture,BC422481128
Salesforce Enterprise business,Services,BC739018322
wooden sofá,Furniture,BC263369074
soffa,Furniture,BC295858216
sit-stand desk,Furniture,BC757518717
wooden workstaton,Furniture,BC897218787
ASUS Monitor,Technology,BC621089199
deluxe sofa,Furniture,BC333848350
plastic Aeron chair,Furniture,BC968451673
Steelcase storage,Furniture,BC292056726
escritorio,Furniture,BC587563596
mesh filing cabinet,Furniture,BC706570606
Steelcase Leap,Furniture,BC128130121
NOC service,Services,BC562340417
software support,Services,BC853030195
sectional,Furniture,BC697347361
managed services,Services,BC458167668
computer desk,Furniture,BC372826122
multifunction printer,Technology,BC993830749
стул,Furniture,BC885526510
Global work desk,Furniture,BC566177523
Samsung Monitor,Technology,BC261795387
Google Workspace,Services,BC547236783
managed services,Services,BC486782357
キャビネット,Furniture,BC785605643
data plan - Refurbished,Services,BC733846414
professional couch,Furniture,BC528628393
Kimball ソファ Model Pro-426,Furniture,BC756598356
bookcase - Refurbished,Furniture,BC804623475
モニター,Technology,BC629977010
plastic диван,Furniture,BC338965760
Knoll イス,Furniture,BC357227536
VPN service,Services,BC740178067
Dell P2419H,Technology,BC392201792
internet service,Services,BC639449617
computer v3,Technology,BC987077148
white height adjustable desk,Furniture,BC472929578
mesh shelf,Furniture,BC783809682
HP EliteDesk quiet,Technology,BC395627385
digital device,Technology,BC858305156
fabric مكتب,Furniture,BC243974416
Steelcase desk,Furniture,BC209815321
SD-WAN service,Services,BC758347916
printer,Technology,BC805315791
stoarge cabinet,Furniture,BC872493367
compact szafa,Furniture,BC750009892
antivirus software,Services,BC322003929
sofa,Furniture,BC870780411
Kimball shelf,Furniture,BC521815818
LG 27UK850 portable,Technology,BC303870775
プリンター,Technology,BC248795415
sofá,Furniture,BC718779908
의자,Furniture,BC739124632
RDP software,Services,BC996782035
desk,Furniture,BC317790892
divan,Furniture,BC654186806
SAP business,Services,BC147005473
Used Office 365 E3,Services,BC840831347
AutoCAD site license,Services,BC858733870
Chair Model C-300,Furniture,BC367063493
sofa,Furniture,BC544080348
SD-WAN service,Services,BC834491630
note book Pro,Technology,BC117504619
server maintenance premium,Services,BC805375110
DSL,Services,BC800916306
desk,Furniture,BC762562441
gray Reception Sofa RS-100,Furniture,BC298370042
Lenovo ThinkCentre,Technology,BC313867761
executive work table,Furniture,BC926438998
Knoll compact armario Model Pro-657,Furniture,BC690814307
VPN service subscription,Services,BC368323917
Used workstation Model Pro-997,Furniture,BC836527450
TEKNION WHITE ARMARIO,Furniture,BC145296783
pantalla,Technology,BC469930807
Kyocera ECOSYS,Technology,BC649397669
dsplay 2022,Technology,BC256860613
27-inch All-in-One professional,Technology,BC682756272
HP EliteDesk 2020,Technology,BC410950586
IKEA イス,Furniture,BC808165309
dedicated line business,Services,BC762441268
drukarka Gen 2,Technology,BC411152157
sofa,Furniture,BC248614668
compact work desk,Furniture,BC202396373
database support - Refurbished,Services,BC282879331
مكتب,Furniture,BC269840673
Steelcase 소파,Furniture,BC977516280
Anti-virus basic subscription,Services,BC712062546
IKEA イス,Furniture,BC522052175
office chair,Furniture,BC125991885
bureau,Furniture,BC545801065
ソフトウェア monthly,Services,BC386541544
security support per device license,Services,BC933241446
خزانة Model C-949,Furniture,BC771435478
lap top v2,Technology,BC162599172
couch Model A-882,Furniture,BC427618008
drukarka,Technology,BC502720908
plastic divano Model X-967,Furniture,BC133579936
security support,Services,BC764264860
HON mesh cabnit,Furniture,BC714109940
large task chair,Furniture,BC845095823
Herman Miller Sayl,Furniture,BC808777380
cell phone plan business,Services,BC171013341
white filing cabnet,Furniture,BC427258676
executive standing table,Furniture,BC369183038
security support,Services,BC641949014
managed services,Services,BC752759821
Global filing cabnet,Furniture,BC356395115
Teknion leather イス,Furniture,BC427296749
Azure subscription enterprise,Services,BC278763625
كرسي,Furniture,BC737670731
schrank - Refurbished,Furniture,BC140519046
deask,Furniture,BC353622930
leather stuhl,Furniture,BC772648626
mesa de trabajo,Furniture,BC571070826
B&W printer quiet,Technology,BC355419939
برمجيات plan,Services,BC262895422
Adobe CC limited,Services,BC523400459
stoarge cabinet,Furniture,BC343436246
Workstation WS-Pro,Furniture,BC677532596
Herman Miller desk,Furniture,BC672263097
iCloud storage professional,Services,BC662715631
IKEA filing cabnet Model Pro-794,Furniture,BC835126913
Logiciel bureautique enterprise agreement,Services,BC884679098
bildschirm enterprise,Technology,BC621162378
compter v2,Technology,BC579166131
IKEA desk Model C-340,Furniture,BC685861719
cloud backup site license,Services,BC342958848
sofá,Furniture,BC904441314
PC desktop used Max,Technology,BC214644955
Windows 10 Pro,Services,BC313377873
CRM software volume license,Services,BC930729364
Herman Miller brown Steelcase Leap,Furniture,BC604816257
Anti virus per user,Services,BC878647434
chiar,Furniture,BC927749187
Teknion white armario,Furniture,BC145296783
DSL - Refurbished,Services,BC800916306
support technique,Services,BC698826833
